,pmid,PubDate,EPubDate,Source,AuthorList,LastAuthor,Title,Volume,Issue,Pages,LangList,NlmUniqueID,ISSN,ESSN,PubTypeList,RecordStatus,PubStatus,ArticleIds,DOI,History,References,HasAbstract,PmcRefCount,FullJournalName,ELocationID,SO,abstract
0,41861605,2026 Jun,2026 Mar 17,Gait Posture,"['Regife-Fernández L', 'Radcliffe CR', 'Castro-Méndez A']",Castro-Méndez A,Menstrual cycle effects on foot and ankle musculoeskeletal biomechanics: A systematic review and meta-analysis.,127,,110164,['English'],9416830,0966-6362,1879-2219,"['Journal Article', 'Systematic Review', 'Meta-Analysis']",PubMed - indexed for MEDLINE,ppublish+epublish,"['41861605', '10.1016/j.gaitpost.2026.110164', 'S0966-6362(26)00073-1']",10.1016/j.gaitpost.2026.110164,"['2025/12/04 00:00', '2026/03/11 00:00', '2026/03/16 00:00', '2026/04/13 00:31', '2026/03/21 00:34', '2026/03/20 19:06']",[],1,0,Gait & posture,doi: 10.1016/j.gaitpost.2026.110164,2026 Jun;127:110164,"BACKGROUND: Hormonal fluctuations throughout the menstrual cycle are associated with a higher prevalence of musculoskeletal injuries in women; however, their impact at the foot and ankle level remains underexplored. The aim of this systematic review and meta-analysis was to examine the potential biomechanical effect of the ovulatory phase on foot and ankle structure compared to other phases of the menstrual cycle, given its possible association with injury occurrence. METHODS: A systematic search was conducted in PubMed, Scopus, Web Of Science, and Embase (last 10 years), following PRISMA guidelines. Cohort studies, non-randomized trials, and case-control studies were included. Quality assessment was performed using the JBI critical appraisal tool. A quantitative synthesis (meta-analysis) was performed for homogeneous variables (muscle stiffness). RESULTS: Fifteen studies were selected. The systematic review demonstrated increase in foot length, reduction in fascial thickness, and greater longitudinal arch collapse during the ovulatory phase. Tone and stiffness of the tibialis anterior and peroneus longus muscles were greater during the menstrual phase. During ovulation, lower stiffness was observed during active contraction and increased tibialis anterior activation. Greater postural sway and oscillation were recorded during ovulation in complex static tasks, and, along with the menstrual phase, in dynamic balance tests. The meta-analysis indicated a tendency towards lower tibialis anterior stiffness during the follicular phase compared to the ovulatory phase. CONCLUSION: The ovulatory phase appears to be associated with an interaction of structural alterations (ligament laxity and arch collapse) and neuromuscular changes (reduced muscle stiffness and inefficient motor control) that, together, could constitute a risk factor for local pathologies such as plantar fasciitis and chronic ankle instability."
1,40980562,2025 Sep,2025 Sep 17,Orthop J Sports Med,"['Kumar K', 'Rao V', 'Panda AK', 'Joshi D']",Joshi D,Peroneus Longus Tendon Versus Hamstring Tendon Autograft for Primary Anterior Cruciate Ligament Reconstruction: A Systematic Review and Meta-analysis of Comparative Studies.,13,9,23259671251374313,['English'],101620522,2325-9671,2325-9671,"['Journal Article', 'Review']",PubMed,,"['40980562', 'PMC12444037', 'pmc-id: PMC12444037;', '10.1177/23259671251374313', '10.1177_23259671251374313']",10.1177/23259671251374313,"['2025/04/10 00:00', '2025/05/06 00:00', '2025/09/22 12:47', '2025/09/22 12:46', '2025/09/22 08:26', '2025/09/17 00:00']",[],1,48,Orthopaedic journal of sports medicine,doi: 10.1177/23259671251374313,2025 Sep;13(9):23259671251374313,"BACKGROUND: Anterior cruciate ligament reconstruction (ACLR) is a common orthopaedic procedure for which various graft options can be used. This systematic review and meta-analysis aimed to compare the efficacy of the peroneus longus tendon (PLT) and hamstring tendon (HT) autografts for primary ACLR. HYPOTHESIS: There would be no significant difference in patient outcomes between PLT and HT autografts in ACLR. STUDY DESIGN: Systematic review; Level of evidence, 3. METHODS: Adhering to the PRISMA (Preferred Reporting Items for Systematic Reviews and Meta-Analyses) guidelines, a thorough literature search was conducted on February 10, 2024, across the PubMed, Cochrane CENTRAL, and Scopus databases. The aim was to identify comparative studies investigating the effectiveness of PLT and HT autografts for primary ACLR. The initial literature search retrieved 96 studies. Ten studies met the eligibility criteria for inclusion. Data analysis was performed using RevMan Version 5.4.1. Functional scores, graft characteristics, donor site morbidity, and failure rates were compared. RESULTS: Ten studies involving 949 patients were included. Both the PLT and HT groups showed comparable functional outcomes, knee stability, and graft failure rates. PLT autografts demonstrated a larger mean graft diameter (8.63 mm vs 8.08 mm) and lower incidence of donor site morbidity (7.48% vs 22.01%) than HT autografts. There was a statistically significant mean difference (MD) favoring PLT autografts in the modified Cincinnati score (MD, 3.33; 95% CI, 1.84 to 4.81; P < .0001) and thigh circumference (MD, -7.62 mm; 95% CI, -8.90 to -6.33; P < .00001). CONCLUSION: This review showed that both PLT and HT autografts are effective options for primary ACLR, with similar functional outcomes and knee stability. PLT autografts offer advantages in terms of graft diameter and donor site morbidity. Further research is warranted to confirm these findings and guide clinical decision-making in ACLR practice."
2,40922104,2025 Sep,,J Foot Ankle Res,"['Gong Y', 'Xu M', 'Chen P', 'Hu X', 'Zhou W', 'Wang L']",Wang L,"Characteristics of Lower Extremity Kinematics, Kinetics, and Muscle Activity in Individuals With Chronic Ankle Instability During Landing With Expected and Unexpected Inversion Perturbations: A Systematic Review and Meta-Analysis.",18,3,e70082,['English'],101471610,,1757-1146,"['Journal Article', 'Meta-Analysis', 'Systematic Review']",PubMed - indexed for MEDLINE,ppublish,"['40922104', 'PMC12417340', 'pmc-id: PMC12417340;', '10.1002/jfa2.70082']",10.1002/jfa2.70082,"['2025/08/22 00:00', '2025/06/09 00:00', '2025/08/31 00:00', '2025/09/09 06:36', '2025/09/09 06:35', '2025/09/09 00:43', '2025/09/08 00:00']",[],1,85,Journal of foot and ankle research,doi: 10.1002/jfa2.70082,2025 Sep;18(3):e70082,"OBJECTIVE: This study aims to investigate whether alterations in the lower extremity kinematics, kinetics, and muscle activity of individuals with chronic ankle instability (CAI) occur during landing with expected and unexpected inversion perturbations. METHODOLOGY: PubMed, Embase, Cochrane Library, Web of Science, and Scopus databases were searched for relevant studies up to November 30, 2024. Comparative studies investigating the characteristics of lower extremity kinematics, kinetics, and muscle activity in individuals with CAI compared with healthy controls were included. Two independent reviewers extracted the data. Certainty of the evidence was assessed using the Newcastle-Ottawa Scale (NOS) approach. SYNTHESIS: Thirteen studies involving 207 patients with CAI and 215 healthy controls were included. Individuals with CAI exhibited increased activity of the tibialis anterior muscle before landing (SMD = 0.28 and 95% CI: 0.03-0.54). The delayed activation of the peroneus longus muscle (SMD = 1.35 and 95% CI: 0.90-1.80) and increased co-contraction index in the sagittal plane (SMD = 0.41 and 95% CI: 0.06-0.77), ankle inversion angle (SMD = 0.56 and 95% CI: 0.30-0.81), ankle inversion range of motion (SMD = 0.83 and 95% CI: 0.42-1.24), and knee extension moment (SMD = 0.71 and 95% CI: 0.32-1.11) were observed after landing. Besides, subgroup analysis revealed that the anticipation of perturbations influenced muscle activation patterns, with significant differences in peroneus longus latency and coactivation indices. CONCLUSION: Patients with CAI may present differences in lower extremity biomechanics during expected and unexpected inversion-perturbed landings compared with healthy controls. The results of this work may have clinical implications in the development of more effective and targeted rehabilitation programs for individuals with CAI. TRIAL REGISTRATION: PROSPERO registration number: CRD42024615006."
3,40734172,2025 Jul 29,2025 Jul 29,J Orthop Surg Res,"['Opoku M', 'Abdramane AM', 'Abdirahman A', 'Fang M', 'Li Y', 'Xiao W']",Xiao W,Can peroneus longus tendon autograft become an alternative to hamstring tendon autograft for anterior cruciate ligament reconstruction: a systematic review and meta-analysis of comparative studies.,20,1,719,['English'],101265112,,1749-799X,"['Journal Article', 'Systematic Review', 'Meta-Analysis', 'Comparative Study']",PubMed - indexed for MEDLINE,epublish,"['40734172', 'PMC12308993', 'pmc-id: PMC12308993;', '10.1186/s13018-025-06080-9', '10.1186/s13018-025-06080-9']",10.1186/s13018-025-06080-9,"['2025/05/25 00:00', '2025/07/01 00:00', '2025/07/30 06:31', '2025/07/30 06:30', '2025/07/30 01:20', '2025/07/29 00:00']",[],1,88,Journal of orthopaedic surgery and research,doi: 10.1186/s13018-025-06080-9,2025 Jul 29;20(1):719,"PURPOSE: To perform a meta-analysis to compare and critically evaluate the short and medium-term clinical outcomes of peroneus longus tendon autograft and hamstring tendon autograft in anterior cruciate ligament (ACL) reconstruction. The study further evaluates the viability of the PLT autograft as a non-inferior alternative to the conventional HT autograft. METHOD: We independently searched the following electronic databases: PubMed, Cochrane Library, Embase, and Web of Science for all relevant articles from inception to March 2025, in only the English language. Clinical outcomes included: IKDC score, Lysholm score, Tegner score, Tegner-Lysholm score, Visual-Analog-Scale (VAS) score, American Orthopaedic Foot and Ankle Society (AOFAS) score, Modified Cincinnati score, graft diameter, thigh circumference, graft harvest time, Knee laxity & stability (Lachman test, Pivot Shift test, and Anterior Drawer test), and Donor-site morbidity. Funnel plots were used to detect publication bias. All statistical analysis was performed using R (version 4.1.3). RESULTS: A total of 25 studies, 9 RCTs, and 16 cohort studies containing 1944 patients were included in this analysis. No statistically significant differences were observed between PLT and HT autografts in functional outcomes, including Tegner scores, Lysholm scores, Tegner-Lysholm scores, VAS scores, or objective measures of knee stability and laxity across all follow-up periods. Notably, the PLT group demonstrated superior outcomes compared to the HT group, including significantly larger graft diameter, reduced graft harvesting time, improved Modified Cincinnati Scores at both 12- and 24-month follow-ups, and lower donor-site morbidity rates. Despite significantly higher IKDC scores in the PLT group at 6 months postoperatively, no significant differences were observed at 12-, and 18, 24, or 36-month follow-up. Conversely, PLT groups had slightly lower AOFAS scores at 12 or 24 months follow-up than the HT group. CONCLUSION: The PLT autograft demonstrates comparable clinical outcomes to HT autograft in ACL reconstruction while offering distinct advantages, including significantly larger graft diameter, reduced harvest time, and lower donor-site morbidity. These benefits, coupled with equivalent postoperative functional results, position the PLT autograft as a promising alternative to traditional HT autograft. Long-term follow-up and higher-quality studies are needed to support our results and further investigate the differences between PLT autograft and HT autograft. LEVEL OF EVIDENCE: Level III."
4,40035861,2025 Sep,2025 Mar 4,Eur Radiol,"['Ghandour S', 'Mercer RW', 'Strahan JA', 'Bejarano-Pineda L', 'Stewart ZE']",Stewart ZE,Diagnostic accuracy of MRI and US for peroneal tendon tears: a systematic review and meta-analysis.,35,9,5360-5368,['English'],9114774,0938-7994,1432-1084,"['Journal Article', 'Systematic Review', 'Meta-Analysis']",PubMed - indexed for MEDLINE,ppublish+epublish,"['40035861', '10.1007/s00330-025-11472-w', '10.1007/s00330-025-11472-w']",10.1007/s00330-025-11472-w,"['2024/11/10 00:00', '2025/01/31 00:00', '2024/12/16 00:00', '2025/09/08 07:50', '2025/03/04 12:25', '2025/03/04 11:14']",[],1,0,European radiology,doi: 10.1007/s00330-025-11472-w,2025 Sep;35(9):5360-5368,"OBJECTIVE: The diagnostic accuracy of US and MRI for identifying peroneal tendon tears is unknown. The aim of this study is to determine the accuracy of these modalities for the diagnosis of peroneal tendon tears. MATERIALS AND METHODS: Studies on diagnostic accuracy of MRI or US for peroneus brevis (PB) and/or longus pathology were searched in Scopus, EMBASE, and PubMed. Systematic review was performed using the QUADAS-2 tool. Pooled diagnostic accuracy of MRI and US were calculated by using a bivariate random-effects model. RESULTS: Twelve studies were included for analysis. Eight studies reported on MRI, three reported on US, and one study included both. Studies were all at a high risk of bias, with only one study satisfying at least two of the four risk-of-bias criteria. Reported accuracy data was heterogeneous for both MRI and US. For PB tear, US showed higher pooled sensitivity than MRI (US: 93%; 95% CI: 75%, 98%; MRI: 73%; 95% CI: 56%, 87%); and similar pooled specificity to MRI (US: 85%; 95% CI: 55%, 96%; MRI: 88%; 95% CI: 70%, 95%) For peroneus longus, US had high pooled sensitivity (94%; 95% CI: 71%, 99%) and specificity (94%; 95% CI: 79%, 98%), whereas MRI was similarly specific (91%; 95% CI: 76%, 97%) but less sensitive (60%; 95% CI: 35%, 85%). CONCLUSION: US was observed to be sensitive and specific for peroneal tendon tears, while MRI was found to be specific but insensitive. The scarcity of literature addressing this question and the heterogeneity of the results precluded any confident conclusion of the superiority/inferiority of either modality. KEY POINTS: Question Peroneal tendon tears are a common cause of lateral ankle pain, but the accuracy of MRI and US for identifying these tears is unknown. Finding Pooled data shows US to be both sensitive and specific and MRI to be specific and insensitive for peroneal tendon tears; however, the literature is scarce, at risk of bias, and results are inconsistent. Clinical relevance MRI and US are commonly utilized to assess lateral ankle pain. Though pooled-data suggests that US may be more sensitive, confident conclusion of the diagnostic accuracy of these modalities is limited by the level-of and quality-of the available evidence."
5,39862526,2025 Mar,2025 Jan 22,Gait Posture,"['Altun A', 'Dixon S', 'Nunns M', 'Rice H']",Rice H,How do neuromuscular characteristics of the peroneal muscles differ in adults with and without chronic ankle instability? A systematic review with meta-analysis.,117,,352-362,['English'],9416830,0966-6362,1879-2219,"['Journal Article', 'Systematic Review', 'Meta-Analysis']",PubMed - indexed for MEDLINE,ppublish+epublish,"['39862526', '10.1016/j.gaitpost.2025.01.019', 'S0966-6362(25)00019-0']",10.1016/j.gaitpost.2025.01.019,"['2024/07/01 00:00', '2024/12/16 00:00', '2025/01/15 00:00', '2025/02/11 00:18', '2025/01/26 02:11', '2025/01/25 18:04']",[],1,0,Gait & posture,doi: 10.1016/j.gaitpost.2025.01.019,2025 Mar;117:352-362,"BACKGROUND: Chronic ankle instability (CAI) has been associated with neuromuscular control dysfunction, particularly of the peroneal musculature. RESEARCH QUESTION: How do neuromuscular characteristics of the peroneal muscles, including corticospinal excitability, strength, proprioception (force sense) and electromyographic measures differ in individuals with CAI compared to healthy control counterparts aged 18-45? METHODS: A systematic review with meta-analysis was conducted by retrieving relevant articles from electronic databases including EBSCOhost (CINAHL Complete, AMED, SPORTDiscus), Ovid (MEDLINE, Embase), Web of Science, Scopus and Cochrane Library as well as Grey literature sources. The eligibility and methodological quality of the included case-control and cross-sectional studies were assessed by two reviewers. The random effects model and the standard mean difference with a 95 % confidence interval were utilised to calculate pooled estimates of the overall effect size. RESULTS: Of the total 13,670 studies retrieved, 42 were included in the systematic review. Of these, 25 were eligible for the meta-analyses. Two of the meta-analyses, each consisting of two studies, showed less evertor force sense accuracy at 10 % (d=0.50, p = 0.03) and 20 % of maximum voluntary isometric contraction (d=1.14, p < 0.00001) in individuals with CAI than the control group. In addition, another meta-analysis of two studies showed that the CAI population had longer peroneus longus latency (d=1.69, p < 0.0001) than the control group during single-leg landing inversion perturbation test under unexpected conditions. SIGNIFICANCE: Individuals with CAI showed specific sensorimotor impairments in evertor force sense accuracy and peroneus longus latency, which may indicate that neuromuscular dysfunction of the peroneal muscles is associated with the underlying mechanisms of the CAI pathogenesis. However, the meta-analyses are limited by the inclusion of only two studies with small sample sizes. Therefore, these findings should be cautiously interpreted, and further research is required to validate them."
6,39731878,2025 Mar,2024 Dec 24,Gait Posture,"['Ghasemi M', 'Gholami-Borujeni B', 'Babagoltabar-Samakoush H']",Babagoltabar-Samakoush H,Heeled shoes increase muscle activity during gait in healthy females: A systematic review and meta-analysis.,117,,153-163,['English'],9416830,0966-6362,1879-2219,"['Journal Article', 'Systematic Review', 'Meta-Analysis']",PubMed - indexed for MEDLINE,ppublish+epublish,"['39731878', '10.1016/j.gaitpost.2024.12.020', 'S0966-6362(24)00757-4']",10.1016/j.gaitpost.2024.12.020,"['2024/06/05 00:00', '2024/12/11 00:00', '2024/12/22 00:00', '2025/02/11 00:19', '2024/12/29 00:20', '2024/12/28 18:48']",[],1,0,Gait & posture,doi: 10.1016/j.gaitpost.2024.12.020,2025 Mar;117:153-163,"BACKGROUND: Altered muscle activity during gait can change the function of the musculoskeletal system and increase the risk of injury. This systematic review and meta-analysis study aimed to investigate the effect of wearing heeled shoes during gait on muscle activity. RESEARCH QUESTION: Does wearing different heeled shoes (low: 1.5 < height </= 4 cm, medium: 4 < height </= 7 cm, high: < 7 cm) change muscle activity during gait in females? METHODS: Systematic literature searches in six electronic databases (Google Scholar, ScienceDirect, Web of Science, PubMed, Scopus, and Cochrane Library) were conducted up to June 2024. Nineteen studies met the inclusion criteria with a total of 401 participants. RESULTS: The eligible studies had the risk of bias score between 6.5 and 11 (assessed by two independent investigators). Wearing heeled shoes during gait significantly increased overall muscle activity (P < 0.001, 19 studies). Heeled shoes increased the activity of peroneus longus (P = 0.035; three studies), triceps surae (P < 0.001, nine studies), quadriceps (P = 0.001, seven studies), abdominal muscles (P = 0.010; three studies) and trunk extensors (P < 0.001, eight studies), but no significant effect was seen for tibialis anterior (P = 0.084, eight studies), hamstring (P = 0.368; three studies), and head extensors (P = 0.070, three studies). Heeled shoes with high (P < 0.001, 12 studies), medium (P < 0.001, 10 studies) and low heels (P = 0.032; 10 studies) increased muscle activity, although the effect size was large for high and medium (Hedge's g = 1.439 and 0.785, respectively) but small-to-moderate for low-heeled shoes (Hedges' g = 0.460). SIGNIFICANCE: Heeled shoes increase muscle activity in various parts of the body, although low-heeled shoes had small-to-moderate effect size. These findings provide valuable insights for researchers and clinicians and shoe manufacturers for designing optimal heeled shoes."
7,39136092,2025 May 1,,J Athl Train,"['Ortega CE', 'Torp DM', 'Donovan L', 'Simpson JD', 'Forsyth L', 'Koldenhoven RM']",Koldenhoven RM,Gait-Training Interventions for Individuals With Chronic Ankle Instability: A Systematic Review and Meta-Analysis.,60,5,332-351,['English'],9301647,1062-6050,1938-162X,"['Journal Article', 'Systematic Review', 'Meta-Analysis']",PubMed - indexed for MEDLINE,ppublish,"['39136092', 'PMC12127904', 'pmc-id: PMC12127904;embargo-date: 2026/05/01;', '10.4085/1062-6050-0499.23', '502599']",10.4085/1062-6050-0499.23,"['2026/05/01 00:00', '2025/05/28 00:27', '2024/08/13 06:42', '2024/08/13 04:23']",[],1,49,Journal of athletic training,doi: 10.4085/1062-6050-0499.23,2025 May 1;60(5):332-351,"BACKGROUND: Chronic ankle instability (CAI) is a condition known to negatively affect lower extremity gait biomechanics during walking. Gait-training interventions have been proposed as a potential strategy to improve faulty movement patterns associated with CAI. OBJECTIVE: To determine if gait-training interventions influence lower extremity biomechanics during walking in individuals with CAI. DESIGN: Systematic review and meta-analysis. DATA SOURCES: Literature searches were conducted in PubMed, CINAHL, SPORTDiscus, and MEDLINE from database inception through September 15, 2022. STUDY SELECTION: Eligible studies were published in English and included randomized controlled trials, studies with a repeated-measures design, and descriptive laboratory studies in which authors measured the biomechanical outcomes (kinematics, kinetics, and electromyography) of a gait-training intervention during walking in individuals with CAI. DATA EXTRACTION: One author extracted study design, participant characteristics, sample size, intervention type (device and biofeedback), intervention length, and biomechanical outcome measures (kinematics, kinetics, and electromyography). DATA SYNTHESIS: Gait-training interventions were broadly categorized into device (destabilization and novel gait-training devices) and biofeedback (visual, auditory, and haptic delivery modes). When appropriate, meta-analyses were conducted using a random-effects model to compare mean differences and SDs before and after the gait-training intervention. RESULTS: Thirteen studies were included. Meta-analyses were conducted only for single-session gait-training studies. Authors of 11 studies reported kinetic outcomes. Meta-analyses showed the location of center of pressure was shifted medially from 0% to 90% of stance (effect size [ES] range, -0.35 to -0.82), contact time was decreased in the medial forefoot (ES = -0.43), peak pressure was decreased for the lateral midfoot (ES = -1.18) and increased for the hallux (ES = 0.59), and the pressure time integral was decreased for the lateral heel (ES = -0.33) and the lateral midfoot (ES = -1.22) and increased for the hallux (ES = 0.63). Authors of 3 studies reported kinematic outcomes. Authors of 7 studies reported electromyography outcomes. Meta-analyses revealed increased activity for 200 milliseconds after initial contact for the fibularis longus muscle (ES = 0.83). CONCLUSIONS: Gait-training protocols improved some lower extremity biomechanical outcomes in individuals with CAI. Plantar-pressure outcome measures seemed to be most affected by gait-training programs, with improvements including decreasing the lateral pressure associated with increased risk for lateral ankle sprains. Gait training increased electromyographic activity after initial contact for the fibularis longus muscle. Authors of few studies have assessed the effect of multisession gait training on biomechanical outcome measures. Targeted gait training should be considered when treating patients with CAI."
8,38804135,2025 Mar,2024 May 28,Sports Health,"['Lin CW', 'Jankaew A', 'Lin CF']",Lin CF,Physical Therapy Intervention Effects on Alteration of Spinal Excitability in Patients With Chronic Ankle Instability: A Systematic Review and Meta-analysis.,17,2,394-403,['English'],101518422,1941-7381,1941-0921,"['Journal Article', 'Systematic Review', 'Meta-Analysis']",PubMed - indexed for MEDLINE,ppublish+epublish,"['38804135', 'PMC11569625', 'pmc-id: PMC11569625;', '10.1177/19417381241253248']",10.1177/19417381241253248,"['2025/03/01 14:40', '2024/05/28 06:43', '2024/05/28 05:03', '2025/05/28 00:00']",[],1,41,Sports health,doi: 10.1177/19417381241253248,2025 Mar;17(2):394-403,"CONTEXT: Chronic ankle instability (CAI) is a common injury in athletes. Different forms of physical therapy have been applied to the population with CAI to assess their impact on spinal excitability. OBJECTIVE: The purpose of this systematic review and meta-analysis was to investigate the effectiveness of various physical therapy interventions on the alteration of spinal excitability in patients with CAI. DATA SOURCES: Four databases (EMBASE, MEDLINE, Cochrane CENTRAL, and Scopus) were searched from inception to November 2022. STUDY SELECTION: A total of 253 studies were obtained and screened; 11 studies on the effects of physical therapy intervention on the alteration of spinal excitability in patients with CAI were identified for meta-analysis. STUDY DESIGN: Systematic review and meta-analysis. LEVEL OF EVIDENCE: Level 3a. DATA EXTRACTION: A total of 11 studies that included the maximal Hoffmann reflex normalized by the maximal muscle response (H/M ratio) in the peroneus longus and soleus muscles were extracted and summarized. The quality of the studies was assessed using the PEDro scale. RESULTS: The extracted studies had an average PEDro score of 4.7 +/- 1.4, indicating that most of them had fair-to-good quality. The physical therapy interventions included cryotherapy, taping, mobilization, proprioceptive training, and dry needling. The overall effects showed that the H/M ratios of the peroneus longus (P = 0.44, I(2) = 0%) and soleus (P = 0.56,I(2) = 22%) muscles were not changed by physical therapy in patients with CAI. CONCLUSION: The meta-analysis indicated that physical therapy interventions such as cryotherapy, taping, mobilization, proprioceptive training, and dry needling do not alter the spinal excitability in patients with CAI. Given that only 1 study reported ineffective changes in spinal excitability with dry needling, more research is essential to establish and validate its efficacy. PROSPERO REGISTRATION: CRD42022372998."
9,38755499,2024 Jul,2024 May 16,Eur J Orthop Surg Traumatol,"['Park JY', 'Fernandes A', 'Park SY', 'Lim H', 'Sayudo IF', 'Leibovitch L', 'Machinski E', 'Ha J']",Ha J,Comparative effectiveness of peroneus longus tendon (PLT) autografts versus hamstring tendon (HT) autografts in anterior cruciate ligament reconstruction: a comprehensive systematic review and meta analysis.,34,5,2691-2699,['English'],9518037,1633-8065,1432-1068,"['Journal Article', 'Systematic Review', 'Meta-Analysis', 'Comparative Study']",PubMed - indexed for MEDLINE,ppublish+epublish,"['38755499', 'PMC11291530', 'pmc-id: PMC11291530;', '10.1007/s00590-024-03984-w', '10.1007/s00590-024-03984-w']",10.1007/s00590-024-03984-w,"['2024/03/20 00:00', '2024/04/30 00:00', '2024/08/01 00:42', '2024/05/17 00:43', '2024/05/16 23:36', '2024/05/16 00:00']",[],1,25,European journal of orthopaedic surgery & traumatology : orthopedie traumatologie,doi: 10.1007/s00590-024-03984-w,2024 Jul;34(5):2691-2699,"The hamstring tendon (HT) autograft is currently the most widely utilised autograft option for anterior cruciate ligament (ACL) reconstruction. However, recent studies endorse the peroneus longus tendon (PLT) autograft as a viable alternative. To evaluate this, we systematically reviewed randomised controlled trials (RCTs) to compare the efficacy of PLT against HT autografts. Our search encompassed Cochrane, Embase, OVID, PubMed, and Scopus databases for RCTs comparing outcomes of PLT and HT autografts in ACL reconstruction. Primary outcomes included Lysholm and International Knee Documentation Committee (IKDC) scores, while secondary outcomes involved American Orthopaedic Foot and Ankle Society (AOFAS) scores, graft diameters and donor-site complications. Statistical analysis was performed using Review Manager 5.4 (Cochrane Collaboration) and heterogeneity was assessed with I(2) statistics. 683 patients from 6 RCTs were included, with 338 (49.5%) patients treated with PLT autografts. Follow-up ranged from 12 to 30 months. Despite lower preoperative Lysholm scores in the PLT group, no significant differences were observed at 6 and 12 months. Although preoperative and 6-month IKDC scores were lower in the PLT group, no significant differences were found at 12 and 24 months. AOFAS scores showed no significant preoperative difference, but slightly lower scores were noted in the PLT group at 12 or 24 months. There was no significant difference in graft diameter, while donor-site complications were fewer in the PLT group. In summary, the PLT autograft is a promising and non-inferior alternative to the HT autograft, demonstrating equivalent outcomes in patient-reported knee and ankle metrics, comparable graft diameters and fewer donor-site complications."
10,38593928,2025 Apr,2024 Apr 7,Arthroscopy,"['Peebles LA', 'Blackwood NO', 'Verma A', ""O'Brien MJ"", 'Lintner DM', 'Kraeutler MJ']",Kraeutler MJ,"Medial Ulnar Collateral Ligament Reconstruction With Allograft Provides Excellent Clinical Outcomes, High Rates of Return to Play, and a Low Incidence of Postoperative Complications: A Systematic Review.",41,4,1113-1122,['English'],8506498,0749-8063,1526-3231,"['Journal Article', 'Systematic Review']",PubMed - indexed for MEDLINE,ppublish+epublish,"['38593928', '10.1016/j.arthro.2024.03.045', 'S0749-8063(24)00268-8']",10.1016/j.arthro.2024.03.045,"['2023/12/18 00:00', '2024/03/19 00:00', '2024/03/23 00:00', '2025/03/20 00:33', '2024/04/10 00:43', '2024/04/09 19:19']",[],1,0,Arthroscopy : the journal of arthroscopic & related surgery : official publication of the Arthroscopy Association of North America and the International Arthroscopy Association,doi: 10.1016/j.arthro.2024.03.045,2025 Apr;41(4):1113-1122,"PURPOSE: To perform a systematic review evaluating clinical outcomes in patients undergoing medial ulnar collateral ligament reconstruction (MUCLR) with soft-tissue allograft. METHODS: A systematic review of the literature was performed according to the Preferred Reporting Items for Systematic Reviews and Meta-Analyses (PRISMA) guidelines. The primary outcomes evaluated were patient-reported outcome scores, return to play (RTP) rates, incidence of postoperative complications, and rates of graft rupture or mechanical failure. RESULTS: The literature search identified 395 articles, and 5 studies met final inclusion criteria after full-text review. A total of 274 patients were analyzed in the included studies and follow-up ranged from 3.0 to 7.6 years. Two studies (number of patients = 141) reported outcomes exclusively of MUCLR with allograft, whereas 3 studies (number of patients = 133) reported outcomes in patients undergoing MUCLR with either allograft or autograft. Allograft sources included gracilis, semitendinosus, plantaris, peroneus longus, and palmaris longus. Level of patient athletic competition ranged from recreational athletes to the professional level; however, nonathletes in the setting of trauma were also included. The RTP rate after MUCLR with soft-tissue allograft was 95.3%, and 89.3% of patients returned to a similar or greater level of play postoperatively. The Timmerman-Andrews score was reported in 2 studies, and the means postoperatively ranged from 94.55 to 97. Postoperative complication rates were low (range, 0% to 20%), and there were no reported incidences of allograft rupture or mechanical failure. CONCLUSIONS: Based on the available data, soft-tissue allograft for MUCLR in athletic patient populations provides excellent clinical outcomes, high rates of RTP, and low rates of postoperative complications and graft failure at short-term follow-up. There remains a lack of high-quality evidence directly comparing autograft versus allograft outcomes in elite overhead-throwing athletes to support allograft as an acceptable alternative for MUCLR in this patient population. LEVEL OF EVIDENCE: Level IV, systematic review of Level III-IV studies."
11,38513375,2024 Jun,2024 Mar 11,Foot (Edinb),"['Khaliliyan H', 'Sharafatvaziri A', 'Safaeepour Z', 'Bahramizadeh M']",Bahramizadeh M,Gait and muscle activity measures after biomechanical device therapy in subjects with ankle instability: A systematic review.,59,,102083,['English'],9109564,0958-2592,1532-2963,"['Journal Article', 'Systematic Review']",PubMed - indexed for MEDLINE,ppublish+epublish,"['38513375', '10.1016/j.foot.2024.102083', 'S0958-2592(24)00016-6']",10.1016/j.foot.2024.102083,"['2023/10/15 00:00', '2024/02/18 00:00', '2024/03/08 00:00', '2024/06/16 11:58', '2024/03/22 00:44', '2024/03/21 19:06']",[],1,0,"Foot (Edinburgh, Scotland)",doi: 10.1016/j.foot.2024.102083,2024 Jun;59:102083,"INTRODUCTION: Health specialists suggest a conservative approach comprising non-pharmacological interventions as the initial course of action for individuals with repetitive ankle sprain due to ankle instability. This systematic review aimed to assess the effectiveness of biomechanical devices (Foot Orthoses, Ankle Orthoses, and Taping) on gait and muscle activity in individuals with ankle instability. METHODS: A systematic search was performed on electronic databases, including PubMed, EMBASE, Clinical Trials.gov, Web of Science, and Scopus. The PEDro scoring system was used to evaluate the quality of the included studies. We extracted data from population, intervention, and outcome measures. RESULTS: In the initial search, we found 247 articles. After following the steps of the PRISMA flowchart, only 22 reports met the inclusion criteria of this study. The results show that biomechanical device therapy may increase swing time, stance time, and step. Additionally, studies suggest that these devices can reduce plantar flexion, inversion, and motion variability during gait. Biomechanical devices have the potential to optimize the subtalar valgus moment, push-off, and braking forces exerted during walking, as well as enhance the activity of specific muscles including the peroneus longus, peroneus brevis, tibialis anterior, gluteus medius, lateral gastrocnemius, rectus femoris, and soleus. CONCLUSION: Biomechanical devices affect gait (spatiotemporal, kinetic, and kinematic variables) and lower limb muscle activity (root mean square, reaction time, amplitude, reflex, and wave) in subjects with ankle instability."
12,38488226,2024 May,2024 Mar 15,Knee Surg Sports Traumatol Arthrosc,"['Delcogliano M', 'Sangiorgio A', 'Bensa A', 'Andriolo L', 'Boffa A', 'Filardo G']",Filardo G,Platelet-rich plasma augmentation in anterior cruciate ligament reconstruction: Evidence is still too scattered. A scoping review of randomised controlled trials.,32,5,1143-1159,['English'],9314730,0942-2056,1433-7347,"['Journal Article', 'Scoping Review']",PubMed - indexed for MEDLINE,ppublish+epublish,"['38488226', '10.1002/ksa.12127']",10.1002/ksa.12127,"['2024/02/20 00:00', '2023/10/11 00:00', '2024/02/22 00:00', '2024/04/23 15:50', '2024/03/15 12:42', '2024/03/15 08:33']",[],1,0,"Knee surgery, sports traumatology, arthroscopy : official journal of the ESSKA",doi: 10.1002/ksa.12127,2024 May;32(5):1143-1159,"PURPOSE: Platelet-rich plasma (PRP) augmentation has been proposed to improve the results of anterior cruciate ligament reconstruction (ACLR). The present study aims to quantify the available evidence to support the use of PRP as biological augmentation in ACLR surgery. METHODS: A systematic literature search was conducted on the PubMed, Cochrane, Web of Science and Embase databases on 10 March 2023. Inclusion criteria were randomised controlled trials (RCTs), written in English, addressing PRP augmentation in ACLR surgery, with no time limitation. A scoping review was performed to map the body of literature by examining the evidence related to specific aspects of patients' treatment and evaluation. Risk of bias evaluation was performed with the Cochrane risk-of-bias tool for randomised trials Version 2 (RoB 2), while the quality assessment was performed with the use of the Coleman Score. RESULTS: Out of 983 articles retrieved, 23 RCTs on 943 knees were included in this scoping review. PRP was administered in a liquid form in nine studies and clotted in 11 studies, while in three studies both liquid and clotted PRP were used. Hamstring auto/allografts were used in 14 studies, patellar tendon auto/allografts were used in eight studies and one study described ACLR with peroneus longus allografts. The map of the evidence documented high heterogeneity also in terms of surgical technique, objective and subjective outcome measures and radiological assessment, as well as follow-up times ranging from 1 day to 2 years, with virtually no overlapping data among studies neither in terms of treatments nor evaluations. Risk of bias evaluation showed an overall low quality of the included studies. CONCLUSIONS: The available literature addressing PRP augmentation in ACLR is largely scattered. PRP was produced and applied following different procedures, and high variability was detected across the included studies for every aspect of ACLR surgery and evaluation. Currently, a meaningful comparison of the available studies is not possible as the quantification of the literature results is biased by their heterogeneity. Future studies should provide more standardisation to investigate the benefits of biological augmentation in ACL surgery and confirm the promising yet weak evidence of PRP potential as well as the most suitable application modality, before routine use in clinical practice. LEVEL OF EVIDENCE: Levels I and II, scoping review."
13,37898307,2024 Apr,2023 Oct 26,Arthroscopy,"['Quinn M', 'Byrne RA', 'Albright JA', 'Testa E', 'Ahn B', 'Lemme N', 'Petit L', 'Blankenhorn B', 'Owens BD']",Owens BD,Peroneus Longus Tendon Autograft May Present a Viable Alternative for Anterior Cruciate Ligament Reconstruction: A Systematic Review.,40,4,1366-1376.e1,['English'],8506498,0749-8063,1526-3231,"['Systematic Review', 'Journal Article']",PubMed - indexed for MEDLINE,ppublish+epublish,"['37898307', '10.1016/j.arthro.2023.10.016', 'S0749-8063(23)00860-5']",10.1016/j.arthro.2023.10.016,"['2023/07/08 00:00', '2023/10/04 00:00', '2023/10/10 00:00', '2024/03/19 06:44', '2023/10/29 06:46', '2023/10/28 19:28']",[],1,0,Arthroscopy : the journal of arthroscopic & related surgery : official publication of the Arthroscopy Association of North America and the International Arthroscopy Association,doi: 10.1016/j.arthro.2023.10.016,2024 Apr;40(4):1366-1376.e1,"PURPOSE: To examine the available literature to better understand the objective and patient-reported outcomes using peroneus longus tendon (PLT) autograft compared with more commonly used autografts, such as the quadrupled hamstring tendons (HT), in patients undergoing primary for anterior cruciate ligament reconstruction (ACLR). METHODS: A comprehensive search of published literature in PubMed, Web of Science, Cochrane Library, Ovid, and EMBASE databases was performed according to Preferred Reporting Items for Systematic Reviews and Meta-Analyses guidelines. Inclusion criteria included patients undergoing ACLR with PLT autograft, inclusion of patient-recorded outcome measures, and availability in English language. Publications that included only biomechanical analysis or ACLR with use of allograft or combination grafts were excluded. RESULTS: A total of 16 studies (Level of Evidence range: I-IV) met inclusion criteria, with follow-up ranging from 3 months to 5 years. In the available case series, patient-reported outcomes ranged from Lysholm = 80.7 to 95.1, International Knee Documentation Committee 78.1 to 95.7. In prospective cohorts and randomized controlled trials, PLT performance was comparable with HT autografts (PLT/HT: Lysholm = 88.3-95.1/86.5-94.9, International Knee Documentation Committee = 78.2-92.5/87.4-93.4). The majority of PLT grafts diameters were equal or greater than HT counterparts with a mean of >8 mm (PLT/HT: 7.0-9.0 mm/7.65-8.5 mm). There was minimal donor-site morbidity associated with PLT harvest. CONCLUSIONS: Although limitations exist within the available literature, existing evidence suggests that PLT autograft routinely produces adequately sized grafts with comparable early outcomes to HT autograft and low risk of donor-site morbidity. However, the PLT autograft is yet to demonstrate superiority to any of the more-traditional autograft selections. LEVEL OF EVIDENCE: Level IV, systematic review of Level I-IV studies."
14,36963479,2023 Jul-Aug,2023 Mar 23,J Foot Ankle Surg,"['Duelfer KA', 'McAlister JE']",McAlister JE,Tibialis Anterior Tendon Rupture Surgical Treatments and Outcomes: A Systematic Review and Meta-Analysis.,62,4,628-636,['English'],9308427,1067-2516,1542-2224,"['Meta-Analysis', 'Systematic Review', 'Journal Article']",PubMed - indexed for MEDLINE,ppublish+epublish,"['36963479', '10.1053/j.jfas.2023.01.007', 'S1067-2516(23)00017-0']",10.1053/j.jfas.2023.01.007,"['2022/08/04 00:00', '2023/01/05 00:00', '2023/01/21 00:00', '2023/07/07 06:42', '2023/03/25 06:00', '2023/03/24 20:28']",[],1,0,The Journal of foot and ankle surgery : official publication of the American College of Foot and Ankle Surgeons,doi: 10.1053/j.jfas.2023.01.007,2023 Jul-Aug;62(4):628-636,"Tibialis anterior tendon ruptures are a rare condition with an often-delayed diagnosis due to transient pain and compensation of remaining anterior compartment tendons. Previous systematic reviews have limited their recommendations to surgical treatment over nonoperative cares given the relatively small sample size in the literature. This current systematic review and meta-analysis was performed to compare the outcomes amongst the various surgical techniques and define factors that may affect long term patients results. Twenty-six references (217 cases) were identified. Use of extensor tendon autograft (odds ratio [OR] 5.55; I(2)=46%), autograft repair through semitendinosus/gracilis/ plantaris/ Achilles tendon/ peroneus longus ([OR] 4.14; I(2)=71%), or direct repair ([OR] 3.59; I(2)=57%), provided the best postoperative outcomes, whereas allograft repair ([OR] .52; I(2)=77%),and ipsilateral split/ turn-down tibialis anterior tendon ([OR] .69; I(2)=71%), were associated with poorer outcomes. Ruptures fixed in the acute phase ([OR] 8.3; I(2)=26%), were associated with statistically significant better outcomes when compared to these ruptures fixed in the chronic phase ([OR] .52; I(2)=77%). Results of this systematic review and meta-analysis suggests that ruptures should be surgically repaired in the acute phase whenever possible and comparable outcomes can be achieved through extensor tendon autograft repair, autograft repair, and direct repair."
15,36650898,2024 Jan,2023 Jan 17,Disabil Rehabil,"['Kim KM', 'Needle AR', 'Kim JS', 'An YW', 'Cruz-Díaz D', 'Taube W']",Taube W,What interventions can treat arthrogenic muscle inhibition in patients with chronic ankle instability? A systematic review with meta-analysis.,46,2,241-256,['English'],9207179,0963-8288,1464-5165,"['Meta-Analysis', 'Systematic Review', 'Journal Article']",PubMed - indexed for MEDLINE,ppublish+epublish,"['36650898', '10.1080/09638288.2022.2161643']",10.1080/09638288.2022.2161643,"['2024/01/10 06:42', '2023/01/19 06:00', '2023/01/18 01:42']",[],1,0,Disability and rehabilitation,doi: 10.1080/09638288.2022.2161643,2024 Jan;46(2):241-256,"PURPOSE: To identify, critically appraise, and synthesize the existing evidence regarding the effects of therapeutic interventions on arthrogenic muscle inhibition (AMI) in patients with chronic ankle instability (CAI). MATERIALS AND METHODS: Two reviewers independently performed exhaustive database searches in Web of Science, PubMed, Medline, CINAHL, and SPORTDiscus. RESULTS: Nine studies were finally included. Five types of disinhibitory interventions were identified: focal ankle joint cooling (FAJC), manual therapy, fibular reposition taping (FRT), whole-body vibration (WBV), and transcranial direct current stimulation (tDCS). There were moderate effects of FAJC on spinal excitability in ankle muscles (g = 0.55, 95% CI = 0.03-1.08, p = 0.040 for the soleus and g = 0.54, 95% CI = 0.01-1.07, p = 0.046 for the fibularis longus). In contrast, manual therapy, FRT, WBV were not effective. Finally, 4 weeks of tDCS combined with eccentric exercise showed large effects on corticospinal excitability in 2 weeks after the intervention (g = 0.99, 95% CI = 0.14-1.85 for the fibularis longus and g = 1.02, 95% CI = 0.16-1.87 for the tibialis anterior). CONCLUSIONS: FAJC and tDCS may be effective in counteracting AMI. However, the current evidence of mainly short-term studies to support the use of disinhibitory interventions is too limited to draw definitive conclusions."
16,35462322,2022 May,2022 Apr 12,Phys Ther Sport,"['Chan LYT', 'Sim YTN', 'Gan FK', 'Bin Abd Razak HR']",Bin Abd Razak HR,"Effect of chronic ankle instability on lower extremity kinematics, dynamic postural stability, and muscle activity during unilateral jump-landing tasks: A systematic review and meta-analysis.",55,,176-188,['English'],100940513,1466-853X,1873-1600,"['Journal Article', 'Meta-Analysis', 'Systematic Review']",PubMed - indexed for MEDLINE,ppublish+epublish,"['35462322', '10.1016/j.ptsp.2022.04.005', 'S1466-853X(22)00055-4']",10.1016/j.ptsp.2022.04.005,"['2021/11/26 00:00', '2022/04/06 00:00', '2022/04/08 00:00', '2022/04/25 06:00', '2022/06/22 06:00', '2022/04/24 20:28']",[],1,0,Physical therapy in sport : official journal of the Association of Chartered Physiotherapists in Sports Medicine,doi: 10.1016/j.ptsp.2022.04.005,2022 May;55:176-188,"OBJECTIVE: To determine if individuals with chronic ankle instability (CAI) demonstrate altered landing kinematics, muscle activity, and impaired dynamic postural stability during a unilateral jump-landing task. METHODS: 21 studies were included from PubMed, MEDLINE, Embase and CINAHL searched on September 26, 2021. Mean differences in joint angles and muscle activity between CAI and controls were analysed as continuous variables and pooled using a random-effects model to obtain standardised mean differences and 95% confidence intervals. Dynamic postural stability measured using time to stabilisation (TTS) was assessed qualitatively. RESULTS: We found greater plantarflexion (pooled SMD = 0.33, 95%CI [0.02,0.65]), reduced knee flexion (pooled SMD = -0.67, 95%CI [-0.97, -0.37]), and reduced hip flexion (pooled SMD = -0.52, 95%CI [-0.96, -0.07]) in CAI after landing. Regarding muscle activity, we observed reduced peroneus longus muscle activation (pooled SMD = -0.77, 95% CI [-1.17, -0.36]) in CAI prior to landing. CONCLUSION: Our study provides preliminary evidence of altered landing kinematics in the sagittal plane and reduced peroneus muscle activity in CAI during a dynamic jump-landing task. These results may have clinical implications in the development of more effective and targeted rehabilitation programmes for patients with CAI."
17,35460407,2022 Jul 9,,Br Med Bull,"['Migliorini F', 'Pintore A', 'Vecchio G', 'Oliva F', 'Hildebrand F', 'Maffulli N']",Maffulli N,"Hamstring, bone-patellar tendon-bone, quadriceps and peroneus longus tendon autografts for primary isolated posterior cruciate ligament reconstruction: a systematic review.",142,1,23-33,['English'],0376542,0007-1420,1471-8391,"['Journal Article', 'Systematic Review']",PubMed - indexed for MEDLINE,ppublish,"['35460407', 'PMC9351477', 'pmc-id: PMC9351477;', '10.1093/bmb/ldac010', '6572306']",10.1093/bmb/ldac010,"['2022/03/07 00:00', '2022/04/24 06:00', '2022/07/14 06:00', '2022/04/23 12:03', '2022/04/22 00:00']",[],1,71,British medical bulletin,doi: 10.1093/bmb/ldac010,2022 Jul 9;142(1):23-33,"INTRODUCTION: Several autografts are available to reconstruct the posterior cruciate ligament (PCL). SOURCE OF DATA: Current scientific literature published in PubMed, Google scholar, Embase and Scopus. AREAS OF AGREEMENT: Hamstring, bone-patellar tendon-bone (BPTB), quadriceps and peroneus longus (PLT) are the most common tendon autografts used for primary isolated PCL reconstruction. AREAS OF CONTROVERSY: The optimal tendon source for PCL reconstruction remains nevertheless debated. Identifying the most suitable tendon autograft could assist the surgeon during primary PCL reconstruction. GROWING POINTS: The present study compared the outcome of PCL reconstruction using hamstring, BPTB, quadriceps and PLT autografts. The focus was on patient-reported outcome measures (PROMs), joint laxity, range of motion and complications. AREAS TIMELY FOR DEVELOPING RESEARCH: All autografts are viable options for PCL reconstruction, with BTB and hamstring autografts demonstrating superior PROMs. However, further clinical investigations are required to determine the ideal autograft construct."
18,35428007,2022 May,2022 Apr 1,Clin Biomech (Bristol),"['Malige A', 'Baghdadi S', 'Hast MW', 'Schmidt EC', 'Shea KG', 'Ganley TJ']",Ganley TJ,Biomechanical properties of common graft choices for anterior cruciate ligament reconstruction: A systematic review.,95,,105636,['English'],8611877,0268-0033,1879-1271,"['Journal Article', 'Systematic Review']",PubMed - indexed for MEDLINE,ppublish+epublish,"['35428007', '10.1016/j.clinbiomech.2022.105636', 'S0268-0033(22)00066-3']",10.1016/j.clinbiomech.2022.105636,"['2021/10/02 00:00', '2022/03/21 00:00', '2022/03/25 00:00', '2022/04/16 06:00', '2022/05/27 06:00', '2022/04/15 20:17']",[],1,0,"Clinical biomechanics (Bristol, Avon)",doi: 10.1016/j.clinbiomech.2022.105636,2022 May;95:105636,"BACKGROUND: This systematic review explores the differences in the intrinsic biomechanical properties of different graft sources used in anterior cruciate ligament (ACL) reconstruction as tested in a laboratory setting. METHODS: Following Preferred Reporting Items for Systematic Reviews and Meta-Analyses (PRISMA) guidelines, two authors conducted a systematic review exploring the biomechanical properties of ACL graft sources (querying PubMed, Cochrane, and Embase databases). Using the keywords ""anterior cruciate ligament graft,"" ""biomechanics,"" and ""biomechanical testing,"" relevant articles of any level of evidence were identified as eligible and included if they reported on the biomechanical properties of skeletally immature or mature ACL grafts solely and if the grafts were studied in vitro, in isolation, and under similar testing conditions. Studies were excluded if performed on both skeletally immature and mature or non-human grafts, or if the grafts were tested after fixation in a cadaveric knee. For each graft, failure load, stiffness, Young's modulus, maximum stress, and maximum strain were recorded. FINDINGS: Twenty-six articles were included. Most studies reported equal or increased biomechanical failure load and stiffness of their tested bone-patellar tendon-bone, hamstring, quadriceps, peroneus longus, tibialis anterior and posterior, Achilles, tensor fascia lata, and iliotibial band grafts compared to the native ACL. All recorded biomechanical properties had similar values between graft types. INTERPRETATION: Most grafts used for ACL reconstruction are biomechanically superior to the native ACL. Utilizing a proper graft, combined with a standard surgical technique and a rigorous rehabilitation before and after surgery, will improve outcomes of ACL reconstruction."
19,34564008,2021 Oct,2021 Sep 20,Gait Posture,"['Labanca L', 'Mosca M', 'Ghislieri M', 'Agostini V', 'Knaflitz M', 'Benedetti MG']",Benedetti MG,Muscle activations during functional tasks in individuals with chronic ankle instability: a systematic review of electromyographical studies.,90,,340-373,['English'],9416830,0966-6362,1879-2219,"['Journal Article', 'Systematic Review']",PubMed - indexed for MEDLINE,ppublish+epublish,"['34564008', '10.1016/j.gaitpost.2021.09.182', 'S0966-6362(21)00492-6']",10.1016/j.gaitpost.2021.09.182,"['2021/02/26 00:00', '2021/09/14 00:00', '2021/09/15 00:00', '2021/09/27 06:00', '2021/12/15 06:00', '2021/09/26 20:56']",[],1,0,Gait & posture,doi: 10.1016/j.gaitpost.2021.09.182,2021 Oct;90:340-373,"BACKGROUND: It has been reported that individuals with chronic ankle instability (CAI) show motor control abnormalities. The study of muscle activations by means of surface electromyography (sEMG) plays a key role in understanding some of the features of movement abnormalities. RESEARCH QUESTION: Do common sEMG activation abnormalities and strategies exists across different functional movements? METHODS: Literature review was conducted on PubMed, Web-of-Science and Cochrane databases. Studies published between 2000 and 2020 that assessed muscle activations by means of sEMG during any type of functional task in individuals with CAI, and used healthy individuals as controls, were included. Methodological quality was assessed using the modified Downs&Black checklist. Since the methodologies of different studies were heterogeneous, no meta-analysis was conducted. RESULTS: A total of 63 articles investigating muscle activations during gait, running, responses to perturbations, landing and hopping, cutting and turning; single-limb stance, star excursion balance task, forward lunges, ball-kicking, y-balance test and single-limb squatting were considered. Individuals with CAI showed a delayed activation of the peroneus longus in response to sudden inversion perturbations, in transitions between double- and single-limb stance, and in landing on unstable surfaces. Apparently, while walking on ground there are no differences between CAI and controls, walking on a treadmill increases the variability of muscles activations, probably as a ""safety strategy"" to avoid ankle inversion. An abnormal activation of the tibialis anterior was observed during a number of tasks. Finally, hip/spine muscles were activated before ankle muscles in CAI compared to controls. CONCLUSION: Though the methodology of the studies herein considered is heterogeneous, this review shows that the peroneal and tibialis anterior muscles have an abnormal activation in CAI individuals. These individuals also show a proximal muscle activation strategy during the performance of balance challenging tasks. Future studies should investigate whole-body muscle activation abnormalities in CAI individuals."
20,34006580,2021 May,2020 Dec 23,J ISAKOS,"['Marín Fermín T', 'Hovsepian JM', 'Symeonidis PD', 'Terzidis I', 'Papakostas ET']",Papakostas ET,Insufficient evidence to support peroneus longus tendon over other autografts for primary anterior cruciate ligament reconstruction: a systematic review.,6,3,161-169,['English'],101680867,2059-7754,2059-7762,"['Journal Article', 'Systematic Review']",PubMed - indexed for MEDLINE,ppublish+epublish,"['34006580', '10.1136/jisakos-2020-000501', 'jisakos-2020-000501']",10.1136/jisakos-2020-000501,"['2020/06/10 00:00', '2020/10/06 00:00', '2020/10/24 00:00', '2021/05/19 05:50', '2021/05/20 06:00', '2021/10/29 06:00']",[],1,0,Journal of ISAKOS : joint disorders & orthopaedic sports medicine,doi: 10.1136/jisakos-2020-000501,2021 May;6(3):161-169,"IMPORTANCE: Graft choice for anterior cruciate ligament reconstruction (ACLR) remains a subject of interest among orthopaedic surgeons because no ideal graft has yet been found. Peroneus longus tendon (PLT) has emerged as an alternative autograft for reconstruction in kneeling populations and in simultaneous anterior cruciate ligament (ACL) and medial collateral ligament (MCL) injuries. OBJECTIVE: To evaluate the current evidence on the outcome of primary ACLR with PLT autograft in adults and donor ankle morbidity, in addition to determining the average PLT graft dimensions from published studies. EVIDENCE REVIEW: Two independent reviewers searched PubMed, CENTRAL, EMBASE, Scopus and Virtual Health Library databases using the terms ""anterior cruciate ligament,"" ""peroneus longus"" and ""fibularis longus"" alone and in combination with Boolean operators AND/OR. Studies evaluating clinical and stability outcomes, graft-donor ankle morbidity and graft dimensions of PLT in ACLR were included. Methodological quality was assessed using the Modified Coleman Methodology Score (mCMS). A narrative analysis is presented using frequency-weighted means wherever feasible. Publication bias was assessed using the ROBIS tool. FINDINGS: Twelve articles with intermediate-level methodological quality were included. Eight studies assessing the clinical and stability outcomes of reconstruction with PLT showed satisfactory outcomes, similar to those of hamstring tendons (HT). No studies assessed anterior knee pain as an outcome. Six studies evaluated the graft-donor ankle morbidity using general functional foot and ankle scores and non-validated tools, showing favourable outcomes. Nine studies assessed PLT graft diameter, revealing grafts consistently larger than 7 mm among the different preparation techniques, which is comparable with reports of HT grafts. CONCLUSIONS AND RELEVANCE: The clinical and stability outcomes of ACLR with different PLT autograft preparation techniques are comparable with those of HT during short-term follow-up; however, there is insufficient evidence to support its use in the populations that motivated its implementation. Thus, stronger evidence obtained with the use of validated tools reporting negligible donor-graft ankle morbidity after PLT harvesting is required prior to recommending its routine use, despite the consistency of its dimensions. LEVEL OF EVIDENCE: Level III."
21,33785239,2021 Sep-Oct,2021 Mar 10,J Foot Ankle Surg,"['Mercer NP', 'Gianakos AL', 'Mercurio AM', 'Kennedy JG']",Kennedy JG,Clinical Outcomes of Peroneal Tendon Tears: A Systematic Review.,60,5,1008-1013,['English'],9308427,1067-2516,1542-2224,"['Journal Article', 'Systematic Review']",PubMed - indexed for MEDLINE,ppublish+epublish,"['33785239', '10.1053/j.jfas.2021.03.003', 'S1067-2516(21)00081-8']",10.1053/j.jfas.2021.03.003,"['2021/01/25 00:00', '2021/02/25 00:00', '2021/03/03 00:00', '2021/04/01 06:00', '2021/09/08 06:00', '2021/03/31 05:49']",[],1,0,The Journal of foot and ankle surgery : official publication of the American College of Foot and Ankle Surgeons,doi: 10.1053/j.jfas.2021.03.003,2021 Sep-Oct;60(5):1008-1013,"The purpose of this study was to provide an overview of the available evidence on peroneal tendon tears and the outcomes after surgical intervention. A systematic review of the literature was performed using MEDLINE, Embase, and Cochrane. Criteria for inclusion were clinical studies reporting outcomes after treatment for peroneal tendon tear within the last 10 years. Nine studies evaluating 336 patients (146 males/190 females) and 336 ankles were included in this review. The mean age of included patients was 46.3 years (range, 46-56.9 years). The weighted mean follow-up was 23.82 months (range 9.2-78 months. Five surgical interventions were reported: primary repair with tenodesis, primary repair without tenodesis, FDL tendon transfer, FHL tendon transfer, and allograft reconstruction. Four studies recorded the AOFAS score, with a weighted mean preoperative score of 69.58 and a weighted mean postoperative score of 88.82. Six studies measured the VAS score showing an improvement from a mean weighted preoperative score of 4.68 to a mean weighted postoperative score of 1.2. FAAM score was measured in 3 studies, which showed an improvement from 41.1 preoperatively to 84.4 postoperatively. The average overall complication rate was 38.7% (130/336) with the most commonly reported minor complication being ankle pain, which made up 46.2% of all minor complications (56/121). Primary repair without tenodesis was associated with a higher complication rate compared to any other surgical intervention (p=.001176). The current systematic review showed that overall clinical outcomes were positive in lieu of the different modalities of surgical intervention for peroneal tendon tears."
22,32984919,2021 Sep,2020 Sep 27,Knee Surg Sports Traumatol Arthrosc,"['He J', 'Tang Q', 'Ernst S', 'Linde MA', 'Smolinski P', 'Wu S', 'Fu F']",Fu F,Peroneus longus tendon autograft has functional outcomes comparable to hamstring tendon autograft for anterior cruciate ligament reconstruction: a systematic review and meta-analysis.,29,9,2869-2879,['English'],9314730,0942-2056,1433-7347,"['Journal Article', 'Meta-Analysis', 'Systematic Review']",PubMed - indexed for MEDLINE,ppublish+epublish,"['32984919', '10.1007/s00167-020-06279-9', '10.1007/s00167-020-06279-9']",10.1007/s00167-020-06279-9,"['2020/07/20 00:00', '2020/09/10 00:00', '2020/09/29 06:00', '2021/08/27 06:00', '2020/09/28 05:48']",[],1,0,"Knee surgery, sports traumatology, arthroscopy : official journal of the ESSKA",doi: 10.1007/s00167-020-06279-9,2021 Sep;29(9):2869-2879,"PURPOSE: This review aimed to assess whether peroneus longus tendon (PLT) autograft would have comparable functional outcomes and graft survival rates when compared to hamstring tendon (HT) autograft for anterior cruciate ligament (ACL) reconstruction. METHODS: PubMed, Web of Science, Cochrane Library, Ovid (MEDICINE), and EMBASE databases were queried for original articles from clinical studies including the keywords: ACL reconstruction and PLT autograft. Studies comparing PLT autograft versus HT autograft were included in this analysis and the following data were extracted from studies meeting the inclusion criteria: graft diameter, functional outcomes (Tegner activity scale, Lysholm score, and International Knee Documentation Committee (IKDC) subjective score), knee laxity (Lachman test), and complications (donor site pain or paresthesia, graft failure). Besides, the American Orthopaedic Foot and Ankle Society (AOFAS) scale and the Foot and Ankle Disability Index (FADI) pre-operation and at last follow-up were also compared among patients using PLT autograft. Meta-analysis was applied using Review Manager 5.3 and p < 0.05 was considered statistically significant. RESULTS: Twenty-three studies including 925 patients with ACL reconstruction met inclusion criteria. Of these, 5 studies included a direct comparison of PLT autograft (164 patients) versus HT autograft (174 patients). No significant difference was observed between PLT and HT autografts for Tegner activity scale, Lachman test, donor site pain, or graft failure. However, PLT groups demonstrated better Lysholm score (mean difference between PLT and HT groups, 1.55; 95% CI 0.20-2.89; p = 0.02) and IKDC subjective score (mean difference between PLT and HT groups, 3.24; 95% CI 0.29-6.19; p = 0.03). No difference of FADI was found (n.s.) but AOFAS was slightly decreased at last post-operative follow-up for patients with PLT autograft compared with pre-operative scores (mean difference of 0.31, 95% CI 0.07-0.54, p = 0.01). CONCLUSION: PLT autograft demonstrated comparable functional outcomes and graft survival rates compared with HT autograft for ACL reconstruction. However, a slight decrease in AOFAS score should be considered during surgical planning. Hence, the PLT is a suitable autograft harvested outside the knee for ACL reconstruction to avoid the complication of quadriceps-hamstring imbalance which can occur when harvesting autografts from the knee. LEVEL OF EVIDENCE: Level II."
23,32505988,2020 Aug,2020 Jun 1,J Electromyogr Kinesiol,"['Suttmiller AMB', 'McCann RS']",McCann RS,Neural excitability of lower extremity musculature in individuals with and without chronic ankle instability: A systematic review and meta-analysis.,53,,102436,['English'],9109125,1050-6411,1873-5711,"['Comparative Study', 'Journal Article', 'Meta-Analysis', 'Systematic Review']",PubMed - indexed for MEDLINE,ppublish+epublish,"['32505988', '10.1016/j.jelekin.2020.102436', 'S1050-6411(20)30078-X']",10.1016/j.jelekin.2020.102436,"['2019/08/05 00:00', '2020/03/23 00:00', '2020/05/27 00:00', '2020/06/09 06:00', '2020/11/11 06:00', '2020/06/08 06:00']",[],1,0,Journal of electromyography and kinesiology : official journal of the International Society of Electrophysiological Kinesiology,doi: 10.1016/j.jelekin.2020.102436,2020 Aug;53:102436,"This systematic review and meta-analysis examined differences in lower extremity neural excitability between ankles with and without chronic ankle instability (CAI). We searched the literature for studies that compared corticomotor or spinal reflexive excitability between a CAI group and controls or copers, or between limbs of a CAI group. Random effects meta-analyses calculated pooled effect sizes for each outcome. Nineteen studies were included. Meta-analyses of motor thresholds of the fibularis longus (Z = 1.17, P = 0.24) and soleus (Z = 0.47, P = 0.64) exhibited no differences between ankles with and without CAI. Pooled data indicate that ankles with CAI had reduced soleus spinal reflexive excitability (Z = 2.18, P = 0.03) and significantly less modulation of the soleus (Z = 6.96, P < 0.01) and fibularis longus (Z = 4.75, P < 0.01) spinal reflexive excitability when transitioning to more challenging stances. Pre-synaptic inhibition was facilitated in ankles with CAI (Z = 4.05, P < 0.01), but no difference in recurrent inhibition existed (Z = 1.50, P = 0.13). Soleus spinal reflexive activity is reduced in those with CAI. Reduced ability of ankles with CAI to modulate soleus and fibularis longus reflexive activity may contribute to impaired balance."
24,31547793,2019 Dec,2019 Sep 24,Prosthet Orthot Int,"['Reeves J', 'Jones R', 'Liu A', 'Bent L', 'Plater E', 'Nester C']",Nester C,"A systematic review of the effect of footwear, foot orthoses and taping on lower limb muscle activity during walking and running.",43,6,576-596,['English'],7707720,0309-3646,1746-1553,"['Journal Article', 'Systematic Review']",PubMed - indexed for MEDLINE,ppublish+epublish,"['31547793', '10.1177/0309364619870666']",10.1177/0309364619870666,"['2019/09/25 06:00', '2020/04/25 06:00', '2019/09/25 06:00']",[],1,0,Prosthetics and orthotics international,doi: 10.1177/0309364619870666,2019 Dec;43(6):576-596,"BACKGROUND: External devices are used to manage musculoskeletal pathologies by altering loading of the foot, which could result in altered muscle activity that could have therapeutic benefits. OBJECTIVES: To establish if evidence exists that footwear, foot orthoses and taping alter lower limb muscle activity during walking and running. STUDY DESIGN: Systematic literature review. METHODS: CINAHL, MEDLINE, ScienceDirect, SPORTDiscus and Web of Science databases were searched. Quality assessment was performed using guidelines for assessing healthcare interventions and electromyography methodology. RESULTS: Thirty-one studies were included: 22 related to footwear, eight foot orthoses and one taping. In walking, (1) rocker footwear apparently decreases tibialis anterior activity and increases triceps surae activity, (2) orthoses could decrease activity of tibialis posterior and increase activity of peroneus longus and (3) other footwear and taping effects are unclear. CONCLUSION: Modifications in shoe or orthosis design in the sagittal or frontal plane can alter activation in walking of muscles acting primarily in these planes. Adequately powered research with kinematic and kinetic data is needed to explain the presence/absence of changes in muscle activation with external devices. CLINICAL RELEVANCE: This review provides some evidence that foot orthoses can reduce tibialis posterior activity, potentially benefitting specific musculoskeletal pathologies."
25,31351358,2019 Sep,2019 Jul 12,Gait Posture,"['Sancho I', 'Malliaras P', 'Barton C', 'Willy RW', 'Morrissey D']",Morrissey D,Biomechanical alterations in individuals with Achilles tendinopathy during running and hopping: A systematic review with meta-analysis.,73,,189-201,['English'],9416830,0966-6362,1879-2219,"['Journal Article', 'Meta-Analysis', ""Research Support, Non-U.S. Gov't"", 'Systematic Review']",PubMed - indexed for MEDLINE,ppublish+epublish,"['31351358', '10.1016/j.gaitpost.2019.07.121', 'S0966-6362(18)31795-8']",10.1016/j.gaitpost.2019.07.121,"['2018/11/02 00:00', '2019/06/19 00:00', '2019/07/01 00:00', '2019/07/28 06:00', '2020/01/09 06:00', '2019/07/28 06:00']",[],1,0,Gait & posture,doi: 10.1016/j.gaitpost.2019.07.121,2019 Sep;73:189-201,"INTRODUCTION: Biomechanical alterations during running and hopping in people with Achilles tendinopathy (AT) may provide treatment and prevention targets. This review identifies and synthesises research evaluating biomechanical alterations among people with AT during running, jumping and hopping. METHOD: MEDLINE, EMBASE, CiNAHL and SPORTDiscus were searched in July 2018 for case control, cross-sectional and prospective studies investigating kinematics, kinetics, plantar pressures and neuromuscular activity in AT participants during running or hopping. Study quality was assessed with a modified version of the Downs and Black quality checklist, and evidence grading applied. RESULTS: 16 studies reported 249 outcomes, of which 17% differed between groups. Reduced peroneus longus (standardized mean difference [95%CI]; -0.53 [-0.98, -0.09]) and medial gastrocnemius (-0.60 [-1.05, -0.15]) amplitude in AT runners versus control was found (limited evidence). Increased hip adduction impulse 1.62 [0.69, 2.54], hip peak external rotation moment (1.55 [0.63, 2.46] and hip external rotation impulse (1.45 [0.55, 2.35]) was found in AT runners versus control (limited evidence). Reduced anterior (-0.94 [-1.64, -0.24] and greater lateral (-0.92 [-1.61, -0.22]) displacement of plantar pressure preceded AT in runners (limited evidence). Delayed onsets of gluteus medius (1.95 [1.07, 2.83] and gluteus maximus (1.26 [0.48, 2.05] and shorter duration of gluteus maximus activation (-1.41 [-2.22, -0.61] was found during shod running in the AT group versus control (limited evidence). Earlier offset time of gluteus maximus (-1.03 [-1.79, -0.27] and shorter duration of activation of gluteus medius (-0.18 [-0.24, -0.12] during running in AT runners versus control was found (limited evidence). Reduced leg stiffness was found in the affected side during submaximal hopping (-0.39 [-0.79, -0.00]) (limited evidence). CONCLUSION: This review identified potential biomechanical treatment targets in people with AT. The efficacy of treatments targeting these biomechanics should be assessed. SYSTEMATIC REVIEW REGISTRY: PROSPERO registration number: CRD42016048636."
26,31350138,2019 Sep,2019 Jul 24,J Foot Ankle Surg,['Lohrer H'],Lohrer H,Distal Peroneus Longus Dislocation and Pseudohypertrophy of the Peroneal Tubercle: A Systematic Review.,58,5,969-973,['English'],9308427,1067-2516,1542-2224,"['Journal Article', 'Systematic Review']",PubMed - indexed for MEDLINE,ppublish+epublish,"['31350138', '10.1053/j.jfas.2019.01.011', 'S1067-2516(19)30014-6']",10.1053/j.jfas.2019.01.011,"['2018/10/07 00:00', '2019/07/28 06:00', '2020/02/23 06:00', '2019/07/28 06:00']",[],1,0,The Journal of foot and ankle surgery : official publication of the American College of Foot and Ankle Surgeons,doi: 10.1053/j.jfas.2019.01.011,2019 Sep;58(5):969-973,"Peroneal tendon injuries at the peroneal tubercle are rare. No systematic research regarding this pathology is currently available. In this systematic literature review, the author evaluated the present knowledge about peroneal tendon lesions at the lateral calcaneal wall. These lesions are predominantly associated with peroneal tubercle enlargement. Information on 25 respective patients (26 cases) has been published in 14 articles. Until now, only 3 reports presented 5 patients with dislocation of the peroneus longus tendon combined with inferior peroneal retinaculum lesions. In these cases, the peroneal tubercle was not enlarged. All reviewed patients were treated surgically. Enlarged peroneal tubercles were resected. Groove deepening and inferior peroneal retinaculum reconstruction addressed distal peroneus longus tendon dislocations. The reported results were either excellent or good. Recurrent dislocations can cause lesions of the peroneus longus tendon at the peroneal tubercle. This pathology is rare and can be addressed surgically. In cases without tendon dislocation, the enlarged peroneal tubercles are removed or shaped, whereas dislocations in normal shaped peroneal tubercles require groove deepening and inferior peroneal retinaculum reconstruction."
27,28063387,2017 Feb,2016 Dec 29,Gait Posture,"['Moisan G', 'Descarreaux M', 'Cantin V']",Cantin V,"Effects of chronic ankle instability on kinetics, kinematics and muscle activity during walking and running: A systematic review.",52,,381-399,['English'],9416830,0966-6362,1879-2219,"['Journal Article', 'Systematic Review']",PubMed - indexed for MEDLINE,ppublish+epublish,"['28063387', '10.1016/j.gaitpost.2016.11.037', 'S0966-6362(16)30675-0']",10.1016/j.gaitpost.2016.11.037,"['2016/04/17 00:00', '2016/11/18 00:00', '2016/11/21 00:00', '2017/01/08 06:00', '2017/12/08 06:00', '2017/01/08 06:00']",[],1,0,Gait & posture,doi: 10.1016/j.gaitpost.2016.11.037,2017 Feb;52:381-399,"The aim of this study is to systematically review and appraise studies assessing the effects of chronic ankle instability (CAI) on kinetics, kinematics and muscle activity during walking and running. The primary search was conducted in PubMed, Embase, CINAHL, AMED and SPORTDiscus. Only studies that compared participants with CAI with healthy participants and assessed kinetics, kinematics or muscle activity during walking or running were included. The risk of bias assessment was conducted using a modified version of the Quality Index checklist. A total of 509 articles were retrieved. After the title and abstract review, 34 articles underwent full-text review and risk of bias assessment. Following a complementary search and assessment of full manuscripts, 24 articles fulfilled all inclusion criteria and methodological requirements, of which 8 articles investigated muscle activity, 14 kinematics and 7 kinetics. During walking, participants with CAI presented increased ankle and rearfoot inversion, ankle plantarflexion, lateral foot vertical forces and peroneus longus muscle activity. During running, kinematic differences were similar to those during walking, but few studies quantified kinetics and muscle activity to draw sound conclusions. This systematic review reports new information on the effects of CAI on gait parameters since the last published review, especially with regard to muscle activity, kinematic and kinetic parameters during running. Methodological quality of the studies assessing kinetics during walking was found to be poor. Future studies should use standardized selection criteria when assessing participants with CAI to increase the external validity of the results."
28,18922696,2009 Feb,2008 Oct 14,Gait Posture,"['Murley GS', 'Landorf KB', 'Menz HB', 'Bird AR']",Bird AR,"Effect of foot posture, foot orthoses and footwear on lower limb muscle activity during walking and running: a systematic review.",29,2,172-87,['English'],9416830,0966-6362,1879-2219,"['Journal Article', ""Research Support, Non-U.S. Gov't"", 'Systematic Review']",PubMed - indexed for MEDLINE,ppublish+epublish,"['18922696', '10.1016/j.gaitpost.2008.08.015', 'S0966-6362(08)00261-0']",10.1016/j.gaitpost.2008.08.015,"['2008/04/06 00:00', '2008/08/22 00:00', '2008/08/25 00:00', '2008/10/17 09:00', '2009/06/12 09:00', '2008/10/17 09:00']",[],1,0,Gait & posture,doi: 10.1016/j.gaitpost.2008.08.015,2009 Feb;29(2):172-87,"The aim of this systematic review was to evaluate the literature pertaining to the effect of foot posture, foot orthoses and footwear on lower limb muscle activity during walking and running. A database search of Medline, CINAHL, Embase and SPORTDiscus without language restrictions revealed 504 citations for title and abstract review. Three articles were translated to English and a final 46 articles underwent a two-tiered quality assessment. First, all articles were scored for their reporting of electromyographic methodology using a set of standards adopted by the International Society of Electrophysiology and Kinesiology. Thirty-eight articles displayed adequate reporting of electromyographic methodology and qualified for detailed review including a second quality assessment using a modified version of the Quality Index. These included six studies investigating the effect of foot posture, 12 the effect of foot orthoses and 20 the effect of footwear on lower limb muscle activity during walking or running. Meta-analysis was not conducted due to heterogeneity between studies. Some evidence exists that: (i) pronated feet demonstrate greater electromyographic activation of invertor musculature and decreased activation of evertor musculature; (ii) foot orthoses increase activation of tibialis anterior and peroneus longus, and may alter low back muscle activity; and (iii) shoes with elevated heels alter lower limb and back muscle activation. Most studies reported statistically significant changes in electromyographic activation, although these findings were often not well supported when confidence intervals were calculated. Most important, however, is that there is a need for further research of more rigorous methodological quality, including greater consensus regarding standards for reporting of electromyographic parameters."
